{"count":1,"gauges":{},"self":3.7380967999999997,"total":3.8031161,"children":{"AgentResetIfDone":{"count":186,"self":0.0030009,"total":0.0030009,"children":null},"AgentSendState":{"count":186,"self":0.0010003,"total":0.0560163,"children":{"CollectObservations":{"count":1116,"self":0.055015999999999995,"total":0.055015999999999995,"children":null}}},"DecideAction":{"count":186,"self":0.0030004,"total":0.0030004,"children":null},"AcademyStep":{"count":186,"self":0.0010006,"total":0.0010006,"children":null},"AgentAct":{"count":186,"self":0.0010004,"total":0.0010004,"children":null}}}