{"cameraMode":{"drawMode":0,"name":"Shaded","section":"Shading Mode"},"sceneLighting":false,"audioPlay":false,"sceneViewState":{"showFog":true,"showMaterialUpdate":false,"showSkybox":false,"showFlares":true,"showImageEffects":true,"showParticleSystems":true},"in2DMode":false,"pivot":{"x":0.0,"y":0.7499999403953552,"z":-0.19999998807907105},"rotation":{"x":-0.28816282749176028,"y":0.47189855575561526,"z":-0.16656208038330079,"w":-0.8164135217666626},"size":4.739270210266113,"orthographic":false}