{"cameraMode":{"drawMode":0,"name":"Shaded","section":"Shading Mode"},"sceneLighting":true,"audioPlay":false,"sceneViewState":{"showFog":true,"showMaterialUpdate":false,"showSkybox":true,"showFlares":true,"showImageEffects":true,"showParticleSystems":true},"in2DMode":false,"pivot":{"x":1.7819311618804932,"y":3.251953125,"z":3.5206298828125},"rotation":{"x":0.4898431897163391,"y":-0.19289109110832215,"z":0.11211494356393814,"w":0.842779278755188},"size":7.577331066131592,"orthographic":true}